{"cameraMode":{"drawMode":0,"name":"Shaded","section":"Shading Mode"},"sceneLighting":false,"audioPlay":false,"sceneViewState":{"showFog":true,"showMaterialUpdate":false,"showSkybox":false,"showFlares":true,"showImageEffects":true,"showParticleSystems":true},"in2DMode":false,"pivot":{"x":0.0,"y":0.2846960425376892,"z":2.9802322387695315e-8},"rotation":{"x":0.12486227601766586,"y":0.8275051116943359,"z":-0.20329223573207856,"w":0.5082541704177856},"size":0.3939129412174225,"orthographic":true}