{"cameraMode":{"drawMode":0,"name":"Shaded","section":"Shading Mode"},"sceneLighting":false,"audioPlay":false,"sceneViewState":{"showFog":true,"showMaterialUpdate":false,"showSkybox":false,"showFlares":true,"showImageEffects":true,"showParticleSystems":true},"in2DMode":false,"pivot":{"x":-0.2332840859889984,"y":0.3810866177082062,"z":-0.23600220680236817},"rotation":{"x":0.19700312614440919,"y":0.8022724390029907,"z":-0.4170587658882141,"w":0.37896615266799929},"size":1.0214635133743287,"orthographic":true}